{
  "nav": 2.1037343999999996,
  "peak": 2.1037343999999996,
  "drawdown_pct": 0.0,
  "open_positions": 19,
  "total_trades": 0,
  "realized_pnl_pct": 1.1037344000000002,
  "last_30d_pnl": [
    0.032277600000000004,
    0.07818500000000002,
    -0.0368708,
    -0.0004279,
    0.006621000000000001,
    0.10579800000000002,
    -0.018283800000000003,
    0.06416160000000001,
    0.039784799999999995,
    -0.0142617,
    -0.034222,
    -0.021018400000000003,
    0.15730229999999998,
    -0.0347781,
    -0.019177,
    -0.024058900000000005,
    -0.0030995,
    -0.012544200000000002,
    0.03597260000000001,
    -0.002528900000000001,
    -0.0117006,
    -0.027229600000000007,
    0.28156699999999996,
    0.0364345,
    0.043494,
    -0.017817499999999997,
    0.07611609999999999,
    -0.016184999999999998,
    0.008922100000000002,
    0.0490797
  ]
}